cid,nickname,surname,firstname,email
1,Zuo ,Abba,Zuo,Zuo.Abba1@testmail.com
2,Zsofia ,Abbasi,Zsofia,Zsofia.Abbasi2@testmail.com
3,Zohaib,Abbott,Zohaib,Zohaib.Abbott3@testmail.com
4,Zoe ,Abdelmagid,Zoe,Zoe.Abdelmagid4@testmail.com
5,Zoe,Abdelrahman,Zoe,Zoe.Abdelrahman5@testmail.com
6,Ziyao,Abdul-Rahim,Ziyao,Ziyao.Abdul-Rahim6@testmail.com
7,Ziyang,Abeykoon,Ziyang,Ziyang.Abeykoon7@testmail.com
8,Zixiong,Ablin,Zixiong,Zixiong.Ablin8@testmail.com
9,Zijie,Abou Chahine,Zijie,Zijie.Abou Chahine9@testmail.com
10,Zihao,Aboualam,Zihao,Zihao.Aboualam10@testmail.com
11,Zihang,Acheson,Zihang,Zihang.Acheson11@testmail.com
12,Zihan,Adams,Zihan,Zihan.Adams12@testmail.com
13,Zifan,Adams,Zifan,Zifan.Adams13@testmail.com
14,Zi ,Adewuyi,Zi,Zi.Adewuyi14@testmail.com
15,Zi ,Adewuyi,Zi,Zi.Adewuyi15@testmail.com
16,Zhuyan,Adjei,Zhuyan,Zhuyan.Adjei16@testmail.com
17,Zhunlin,Aggarwal,Zhunlin,Zhunlin.Aggarwal17@testmail.com
18,Zhou,Ahmad,Zhou,Zhou.Ahmad18@testmail.com
19,Zhou,Ahmad,Zhou,Zhou.Ahmad19@testmail.com
20,Zhongxuan,Ahmadi,Zhongxuan,Zhongxuan.Ahmadi20@testmail.com
21,Zhi ,Ahmed,Zhi,Zhi.Ahmed21@testmail.com
22,Zhi ,Ahmed,Zhi,Zhi.Ahmed22@testmail.com
23,Zhewei,Ahmed,Zhewei,Zhewei.Ahmed23@testmail.com
24,Zhenzhong,Ahmed-Ashford,Zhenzhong,Zhenzhong.Ahmed-Ashford24@testmail.com
25,Zhenrui,Aidasani,Zhenrui,Zhenrui.Aidasani25@testmail.com
26,Zhenlun,Ainscough,Zhenlun,Zhenlun.Ainscough26@testmail.com
27,Zhengyu,Akhtar,Zhengyu,Zhengyu.Akhtar27@testmail.com
28,Zhengyu,Akindoyin,Zhengyu,Zhengyu.Akindoyin28@testmail.com
29,Zheng ,Akinola,Zheng,Zheng.Akinola29@testmail.com
30,Zheng ,Akintunde,Zheng,Zheng.Akintunde30@testmail.com
31,Zheng,Akinwande,Zheng,Zheng.Akinwande31@testmail.com
32,Zeyong,Albanese,Zeyong,Zeyong.Albanese32@testmail.com
33,Zexi,Aleksander,Zexi,Zexi.Aleksander33@testmail.com
34,Zeqian,Alexandru,Zeqian,Zeqian.Alexandru34@testmail.com
35,Zeping,Ali,Zengyang,Zengyang.Ali35@testmail.com
36,Zengyang,Ali,Zeming,Zeming.Ali36@testmail.com
37,Zeming,Ali,Ze,Ze.Ali37@testmail.com
38,Ze ,Alimi,Zati,Zati.Alimi38@testmail.com
39,Zati ,Alltimes,Zahid,Zahid.Alltimes39@testmail.com
40,Zahid,Allwright,Yves,Yves.Allwright40@testmail.com
41,Yves,Alsubaie,Yuxuan,Yuxuan.Alsubaie41@testmail.com
42,Yuxuan,Alyasiri,Yuwadee,Yuwadee.Alyasiri42@testmail.com
43,Yuqi,Amanatidis,Yuqi,Yuqi.Amanatidis43@testmail.com
44,Yunxiao,Ameen,Yunxiao,Yunxiao.Ameen44@testmail.com
45,Yunhai,Ameli,Yunhai,Yunhai.Ameli45@testmail.com
46,Yumeng,Amiri,Yumeng,Yumeng.Amiri46@testmail.com
47,Yuliang,Anagnostou,Yuliang,Yuliang.Anagnostou47@testmail.com
48,Yujue,Anderle,Yujue,Yujue.Anderle48@testmail.com
49,Yujian,Anderson,Yujian,Yujian.Anderson49@testmail.com
50,Yuhan,Andrianakis,Yueyue,Yueyue.Andrianakis50@testmail.com
51,Yueyue,Ang,Yuekai,Yuekai.Ang51@testmail.com
52,Yuekai,Ang,Yue,Yue.Ang52@testmail.com
53,Yue,Angeli,Yucheng,Yucheng.Angeli53@testmail.com
54,Yucheng,Angelov,Yuanxiang,Yuanxiang.Angelov54@testmail.com
55,Yuanxiang,Appleton,Yuancheng,Yuancheng.Appleton55@testmail.com
56,Yuancheng,Argent-Katwala,Yuan,Yuan.Argent-Katwala56@testmail.com
57,Yuan,Arif,Yu,Yu.Arif57@testmail.com
58,Yu ,Armiger,Yu,Yu.Armiger58@testmail.com
59,Yu,Arnold,Yu,Yu.Arnold59@testmail.com
60,Yu,Arora,Youssef,Youssef.Arora60@testmail.com
61,Youssef,Arrow,Yousif,Yousif.Arrow61@testmail.com
62,Yousif,Arteaga Saenz,Yousef,Yousef.Arteaga Saenz62@testmail.com
63,Yousef,Ascencio,Younghan,Younghan.Ascencio63@testmail.com
64,Younghan,Ashu,Yoshimasa,Yoshimasa.Ashu64@testmail.com
65,Yoshimasa,Asif,Yoon,Yoon.Asif65@testmail.com
66,Yoon ,Astolfi,Yonghua,Yonghua.Astolfi66@testmail.com
67,Yonghua,Atkinson.,Yong,Yong.Atkinson.67@testmail.com
68,Yong ,Au,Yixing,Yixing.Au68@testmail.com
69,Yixing,Aunedi,Yitong,Yitong.Aunedi69@testmail.com
70,Yitong,Auty,Yiren,Yiren.Auty70@testmail.com
71,Yiren,Awara,Yiqian,Yiqian.Awara71@testmail.com
72,Yiqian,Azalbert,Yinsong,Yinsong.Azalbert72@testmail.com
73,Yinsong,Ba,Yinru,Yinru.Ba73@testmail.com
74,Yinru,Bacchelli,Yiming,Yiming.Bacchelli74@testmail.com
75,Yiming,Bacha,Yiming,Yiming.Bacha75@testmail.com
76,Yiming,Baek,Yiming,Yiming.Baek76@testmail.com
77,Yiming,Bagga,Yilun,Yilun.Bagga77@testmail.com
78,Yilun,Bakre,Yikun,Yikun.Bakre78@testmail.com
79,Yikun,Balassa,Yijie,Yijie.Balassa79@testmail.com
80,Yijie,Baldini,Yihan,Yihan.Baldini80@testmail.com
81,Yihan,Banerjee,Yifeng,Yifeng.Banerjee81@testmail.com
82,Yifeng,Barbed,Yifan,Yifan.Barbed82@testmail.com
83,Yifan,Barria,Yiannis,Yiannis.Barria83@testmail.com
84,Yiannis ,Barsakcioglu,Yiannis,Yiannis.Barsakcioglu84@testmail.com
85,Yiannis,Battistelli,Yiannis,Yiannis.Battistelli85@testmail.com
86,Yiannis,Bayar,Yat,Yat.Bayar86@testmail.com
87,Yat ,Bayguzina,Yasin,Yasin.Bayguzina87@testmail.com
88,Yasin,Bayona,Yaroslav,Yaroslav.Bayona88@testmail.com
89,Yaroslav,Bayraktar,Yao,Yao.Bayraktar89@testmail.com
90,Yao ,Bean,Yanni,Yanni.Bean90@testmail.com
91,Yanni,Bello,Yann,Yann.Bello91@testmail.com
92,Yann ,Benoit,Yangshuowen,Yangshuowen.Benoit92@testmail.com
93,Yangshuowen,Berdan,Yang,Yang.Berdan93@testmail.com
94,Yang ,Berkshire,Yang,Yang.Berkshire94@testmail.com
95,Yang,Bertaiola,Yang,Yang.Bertaiola95@testmail.com
96,Yang,Bessasso,Yang,Yang.Bessasso96@testmail.com
97,Yang,Bhadti,Yang,Yang.Bhadti97@testmail.com
98,Yang,Bharath,Yang,Yang.Bharath98@testmail.com
99,Yang,Bi,Yang,Yang.Bi99@testmail.com
100,Yang,Bin Rabieah,Yanfei,Yanfei.Bin Rabieah100@testmail.com
101,Yan ,Blum,Yan,Yan.Blum101@testmail.com
102,Yan,Bognar,Yan,Yan.Bognar102@testmail.com
103,Yameng,Boikos,Yameng,Yameng.Boikos103@testmail.com
104,Xuying,Boldogkoi,Xuying,Xuying.Boldogkoi104@testmail.com
105,Xueqing,Boonkrong,Xueqing,Xueqing.Boonkrong105@testmail.com
106,Xu,Booth,Xu,Xu.Booth106@testmail.com
107,Xinyi,Boskovic,Xinyi,Xinyi.Boskovic107@testmail.com
108,Xinqiao,Bottrell,Xinqiao,Xinqiao.Bottrell108@testmail.com
109,Xingzi,Bouganis,Xingzi,Xingzi.Bouganis109@testmail.com
110,Xingyu,Boularess,Xingyu,Xingyu.Boularess110@testmail.com
111,Xingchen,Böwing,Xingchen,Xingchen.Böwing111@testmail.com
112,Xin,Bradley,Xin,Xin.Bradley112@testmail.com
113,Xiaoyu,Bridgman,Xiaoyu,Xiaoyu.Bridgman113@testmail.com
114,Xiaoyao,Brink,Xiaoyao,Xiaoyao.Brink114@testmail.com
115,Xiaoxue,Brion,Xiaoxue,Xiaoxue.Brion115@testmail.com
116,Xiaoxi,Brolih,Xiaoxi,Xiaoxi.Brolih116@testmail.com
117,Xiaotian,Brookes,Xiaotian,Xiaotian.Brookes117@testmail.com
118,Xiaohan,Brown,Xiaohan,Xiaohan.Brown118@testmail.com
119,Xiaochen,Burth Kurka,Xiaochen,Xiaochen.Burth Kurka119@testmail.com
120,Xiao,Bussell,Xiao,Xiao.Bussell120@testmail.com
121,Xiangheng,Calina,Xiangheng,Xiangheng.Calina121@testmail.com
122,Xiang,Calvi,Xiang,Xiang.Calvi122@testmail.com
123,Xi ,Cao,Xi Tong,Xi Tong.Cao123@testmail.com
124,Xi,Cappello,Xi,Xi.Cappello124@testmail.com
125,Xi,Carotti,Xi,Xi.Carotti125@testmail.com
126,Xavier,Carrani,Xavier,Xavier.Carrani126@testmail.com
127,Xavier,Cattafi,Xavier,Xavier.Cattafi127@testmail.com
128,Wuzheng,Cavaglione,Wuzheng,Wuzheng.Cavaglione128@testmail.com
129,Won ,Cavallo,Won,Won.Cavallo129@testmail.com
130,Wing ,Cavezza,Wing,Wing.Cavezza130@testmail.com
131,William ,Ceran,William,William.Ceran131@testmail.com
132,William ,Chaffey,William,William.Chaffey132@testmail.com
133,William,Chakravorty,William,William.Chakravorty133@testmail.com
134,William,Chambers,William,William.Chambers134@testmail.com
135,William,Chan,Will,Will.Chan135@testmail.com
136,Will,Chan,Will,Will.Chan136@testmail.com
137,Wilhelm,Chan,Wilhelm,Wilhelm.Chan137@testmail.com
138,Wesley ,Chan,Wesley,Wesley.Chan138@testmail.com
139,Wenmei,Chan,Wenmei,Wenmei.Chan139@testmail.com
140,Wenkun,Chan,Wenkun,Wenkun.Chan140@testmail.com
141,Wenhan,Chan,Wenhan,Wenhan.Chan141@testmail.com
142,Wen ,Chang,Wen,Wen.Chang142@testmail.com
143,Weinan,Chang,Weinan,Weinan.Chang143@testmail.com
144,Weijia,Chantaworakit,Weijia,Weijia.Chantaworakit144@testmail.com
145,Weichuan,Chanwimalueang,Weichuan,Weichuan.Chanwimalueang145@testmail.com
146,Wei ,Charalambous,Wei,Wei.Charalambous146@testmail.com
147,Wei ,Charitou,Wei,Wei.Charitou147@testmail.com
148,Wei ,Chattratichat,Wei,Wei.Chattratichat148@testmail.com
149,Wei,Chatzis,Wei,Wei.Chatzis149@testmail.com
150,Wei,Chaudhuri,Wei,Wei.Chaudhuri150@testmail.com
151,Waris,Chauhan,Waris,Waris.Chauhan151@testmail.com
152,Wanyi,Chen,Wanyi,Wanyi.Chen152@testmail.com
153,Waleed ,Chen,Waleed,Waleed.Chen153@testmail.com
154,Wah ,Chen,Wah,Wah.Chen154@testmail.com
155,Vlad-Petru,Chen,Vlad-Petru,Vlad-Petru.Chen155@testmail.com
156,Vlad,Chen,Vlad,Vlad.Chen156@testmail.com
157,Vivek,Chen,Vivek,Vivek.Chen157@testmail.com
158,Viraj ,Chen,Viraj,Viraj.Chen158@testmail.com
159,Vincenzo,Chen,Vincenzo,Vincenzo.Chen159@testmail.com
160,Vincent,Chen,Vincent,Vincent.Chen160@testmail.com
161,Vinay,Chen,Vinay,Vinay.Chen161@testmail.com
162,Viktor,Chen,Viktor,Viktor.Chen162@testmail.com
163,Vikrant ,Chen,Vikrant,Vikrant.Chen163@testmail.com
164,Vijay ,Chen,Vijay,Vijay.Chen164@testmail.com
165,Vigram,Cheng,Vigram,Vigram.Cheng165@testmail.com
166,Vidhya,Cheung,Vidhya,Vidhya.Cheung166@testmail.com
167,Victor,Chia,Victor,Victor.Chia167@testmail.com
168,Vasil,Chin,Vasil,Vasil.Chin168@testmail.com
169,Vanita,Choi,Vanita,Vanita.Choi169@testmail.com
170,Valentin-Gabriel,Choo,Valentin-Gabriel,Valentin-Gabriel.Choo170@testmail.com
171,Valentin,Christodoulou,Valentin,Valentin.Christodoulou171@testmail.com
172,Valentin,Chua,Valentin,Valentin.Chua172@testmail.com
173,Usman,Chughtai,Usman,Usman.Chughtai173@testmail.com
174,Usmaan ,Cirakoglu,Usmaan,Usmaan.Cirakoglu174@testmail.com
175,Usama,Claassens,Usama,Usama.Claassens175@testmail.com
176,Un ,Clark,Un,Un.Clark176@testmail.com
177,Umar ,Clark,'Umar,'Umar.Clark177@testmail.com
178,Umar,Clarke,Umar,Umar.Clarke178@testmail.com
179,Ulrich,Clarke,Ulrich,Ulrich.Clarke179@testmail.com
180,Tze-Yang,Clarke,Tze-Yang,Tze-Yang.Clarke180@testmail.com
181,Tuo,Clement,Tuo,Tuo.Clement181@testmail.com
182,Tsz ,Clemow,Tsz,Tsz.Clemow182@testmail.com
183,Tsz ,Collingwood,Tsz,Tsz.Collingwood183@testmail.com
184,Tricia,Colton,Tricia,Tricia.Colton184@testmail.com
185,Tong,Constandinou,Tony,Tony.Constandinou185@testmail.com
186,Tong,Constantinides,Tong,Tong.Constantinides186@testmail.com
187,Tong,Constantinides,Tong,Tong.Constantinides187@testmail.com
188,Tommaso,Cooper,Tong,Tong.Cooper188@testmail.com
189,Tomas,Cottin,Tommaso,Tommaso.Cottin189@testmail.com
190,Tom ,Crowder,Tomas,Tomas.Crowder190@testmail.com
191,Tom,Rodrigues,Tom,Tom.Rodrigues191@testmail.com
192,Timothy ,Dada,Tom,Tom.Dada192@testmail.com
193,Timothy ,Dai,Tom,Tom.Dai193@testmail.com
194,Timothy,Dai,Tom,Tom.Dai194@testmail.com
195,Timo,Damji,T-K,T-K.Damji195@testmail.com
196,Tim ,Daniil,Timothy,Timothy.Daniil196@testmail.com
197,Tim,Das,Timothy,Timothy.Das197@testmail.com
198,Tiffany ,Davis,Timo,Timo.Davis198@testmail.com
199,Tieng ,Daw,Tim,Tim.Daw199@testmail.com
200,Tianyou,Dawood,Tim,Tim.Dawood200@testmail.com
201,Tianxiao,Dawson,Tim,Tim.Dawson201@testmail.com
202,Tianrui,de Basto,Tiffany,Tiffany.de Basto202@testmail.com
203,Tianhong,De Iorio,Tieng,Tieng.De Iorio203@testmail.com
204,Tianci,De Paola,Tianyou,Tianyou.De Paola204@testmail.com
205,Tiago,De Sena,Tianxiao,Tianxiao.De Sena205@testmail.com
206,Thulasi,De-Sousa-Ferreira,Tianhong,Tianhong.De-Sousa-Ferreira206@testmail.com
207,Thomas ,Demiris,Tianci,Tianci.Demiris207@testmail.com
208,Thomas ,Demtchenko,Tian,Tian.Demtchenko208@testmail.com
209,Thomas ,Derakhshani,Tiago,Tiago.Derakhshani209@testmail.com
210,Thomas,Di Franco,Thulasi,Thulasi.Di Franco210@testmail.com
211,Thomas,Ding,Thomas,Thomas.Ding211@testmail.com
212,Thomas,Ding,Thomas,Thomas.Ding212@testmail.com
213,Thomas,Dionelis,Thomas,Thomas.Dionelis213@testmail.com
214,Thomas,Disu,Thomas,Thomas.Disu214@testmail.com
215,Thomas,Djapic,Thomas,Thomas.Djapic215@testmail.com
216,Thibaud,Doire,Thomas,Thomas.Doire216@testmail.com
217,Thiannithi,Dong,Thomas,Thomas.Dong217@testmail.com
218,Thiago,Dong,Thomas,Thomas.Dong218@testmail.com
219,Theodosis,Doshi,Thibaud,Thibaud.Doshi219@testmail.com
220,Theodore,Doumanoglou,Thiannithi,Thiannithi.Doumanoglou220@testmail.com
221,Theo ,Dourtchev,Thiago,Thiago.Dourtchev221@testmail.com
222,Theo,Dourtchev,Theodosis,Theodosis.Dourtchev222@testmail.com
223,Theerasak,Douthwaite,Theodore,Theodore.Douthwaite223@testmail.com
224,Teresa,Dowse,Theo,Theo.Dowse224@testmail.com
225,Temitayo,Dragotti,Theo,Theo.Dragotti225@testmail.com
226,Tao-Wei,Dragovic,Theerasak,Theerasak.Dragovic226@testmail.com
227,Tanmay,Draief,Thanos,Thanos.Draief227@testmail.com
228,Tanay,Drane,Thanassis,Thanassis.Drane228@testmail.com
229,Tanat,Driver,Teresa,Teresa.Driver229@testmail.com
230,Tamás,Du,Temitayo,Temitayo.Du230@testmail.com
231,Tamara,Dua,Tao-Wei,Tao-Wei.Dua231@testmail.com
232,Takashi,Ducoin,Tanmay,Tanmay.Ducoin232@testmail.com
233,Taha,Durrani,Tania,Tania.Durrani233@testmail.com
234,Tae ,Eaton,Tanay,Tanay.Eaton234@testmail.com
235,Sze ,Edwards,Tanat,Tanat.Edwards235@testmail.com
236,Sze ,Eftekhar,Tamás,Tamás.Eftekhar236@testmail.com
237,Sze ,Eid,Tamara,Tamara.Eid237@testmail.com
238,Syed ,El-Sharkawy,Takashi,Takashi.El-Sharkawy238@testmail.com
239,Sven ,Elbessoumy,Taha,Taha.Elbessoumy239@testmail.com
240,Sven,Eleftheriou,Sze,Sze.Eleftheriou240@testmail.com
241,Suraj,El-Geresy,Sze,Sze.El-Geresy241@testmail.com
242,Sung ,El-Jahel,Syed,Syed.El-Jahel242@testmail.com
243,Sundarasaradula,Elkington,Sven,Sven.Elkington243@testmail.com
244,Su,Ellison,Sven,Sven.Ellison244@testmail.com
245,Stylianos,Elmani,Surya,Surya.Elmani245@testmail.com
246,Steven,Elmikaty,Suraj,Suraj.Elmikaty246@testmail.com
247,Stephen,Elmosharaf,Sung,Sung.Elmosharaf247@testmail.com
248,Stephen,Elsdon,Su,Su.Elsdon248@testmail.com
249,Stepan,Enas,Stylianos,Stylianos.Enas249@testmail.com
250,Stelios,Endriss,Steven,Steven.Endriss250@testmail.com
251,Stefanos,Eng,Stephen,Stephen.Eng251@testmail.com
252,Stefanie ,Engelbert,Stephen,Stephen.Engelbert252@testmail.com
253,Stefan,Ertay,Stepan,Stepan.Ertay253@testmail.com
254,Stavros,Eshbaugh,Stelios,Stelios.Eshbaugh254@testmail.com
255,Stavros,Evangelou,Stefanos,Stefanos.Evangelou255@testmail.com
256,Sri ,Evers,Stefanie,Stefanie.Evers256@testmail.com
257,Sreejith,Fabry,Stefan,Stefan.Fabry257@testmail.com
258,Spyridon,Faggio,Stavros,Stavros.Faggio258@testmail.com
259,Soyoon,Falkengren,Stavros,Stavros.Falkengren259@testmail.com
260,Sophia,Fan,Sreejith,Sreejith.Fan260@testmail.com
261,Songzhi,Fang,Spyridon,Spyridon.Fang261@testmail.com
262,Song,Fang,Soyoon,Soyoon.Fang262@testmail.com
263,Sol-Uh,Faqir,Sophia,Sophia.Faqir263@testmail.com
264,Solon,Fatouros,Songzhi,Songzhi.Fatouros264@testmail.com
265,Siyuan,Feng,Song,Song.Feng265@testmail.com
266,Siying,Feng,Sol-Uh,Sol-Uh.Feng266@testmail.com
267,Siquan,Ferianc,Solon,Solon.Ferianc267@testmail.com
268,Simos,Fernandez,Siyuan,Siyuan.Fernandez268@testmail.com
269,Simone,Ferreira,Siying,Siying.Ferreira269@testmail.com
270,Simon ,Fil,Siquan,Siquan.Fil270@testmail.com
271,Simon ,Filos,Simos,Simos.Filos271@testmail.com
272,Simon,Fleming,Simone,Simone.Fleming272@testmail.com
273,Simon,Fletcher,Simon,Simon.Fletcher273@testmail.com
274,Simon,Fobelets,Simon,Simon.Fobelets274@testmail.com
275,Simon,Fok,Simon,Simon.Fok275@testmail.com
276,Sikan,Fong,Simon,Simon.Fong276@testmail.com
277,Sigrid ,Fong Kah Lin,Simon,Simon.Fong Kah Lin277@testmail.com
278,Siddharth ,Fong Tin Yan,Simon,Simon.Fong Tin Yan278@testmail.com
279,Siddharth,Ford,Sikan,Sikan.Ford279@testmail.com
280,Sida,Forni,Sigrid,Sigrid.Forni280@testmail.com
281,Shurui,Forsberg,Siddharth,Siddharth.Forsberg281@testmail.com
282,Shui ,Foster,Siddharth,Siddharth.Foster282@testmail.com
283,Shuhao,Francois,Sida,Sida.Francois283@testmail.com
284,Shuanglong,Franquet,Shurui,Shurui.Franquet284@testmail.com
285,Shu ,Fridlund,Shui,Shui.Fridlund285@testmail.com
286,Shu,Frost,Shuhao,Shuhao.Frost286@testmail.com
287,Shri ,Fu,Shuanglong,Shuanglong.Fu287@testmail.com
288,Shreyus ,Fu,Shu,Shu.Fu288@testmail.com
289,Shreegovind,Gabillard,Shu,Shu.Gabillard289@testmail.com
290,Shixin,Gabriel,Shri,Shri.Gabriel290@testmail.com
291,Shiguang,Gallego Vara,Shreyus,Shreyus.Gallego Vara291@testmail.com
292,Shi,Gallo,Shreegovind,Shreegovind.Gallo292@testmail.com
293,Sheheryar,Gami,Shixin,Shixin.Gami293@testmail.com
294,Shawn,Gann,Shiva,Shiva.Gann294@testmail.com
295,Shaun ,Gao,Shiguang,Shiguang.Gao295@testmail.com
296,Sharlyn,Gao,Shi,Shi.Gao296@testmail.com
297,Shanxin,Gao,Sheheryar,Sheheryar.Gao297@testmail.com
298,Shanxiang,Gao,Shawn,Shawn.Gao298@testmail.com
299,Shanelle,Gao,Shaun,Shaun.Gao299@testmail.com
300,Shane,Gao,Sharlyn,Sharlyn.Gao300@testmail.com
301,Shamim,Gao,Shanxin,Shanxin.Gao301@testmail.com
302,Seyed ,Gao,Shanxiang,Shanxiang.Gao302@testmail.com
303,Seungryul,Garcia,Shanelle,Shanelle.Garcia303@testmail.com
304,Seung ,Garcia-Hernando,Shane,Shane.Garcia-Hernando304@testmail.com
305,Serhii,Garg,Shamim,Shamim.Garg305@testmail.com
306,Sebastian,Garigiparthy,Seyed,Seyed.Garigiparthy306@testmail.com
307,Sayedpouria,Gaunt,Seungryul,Seungryul.Gaunt307@testmail.com
308,Savvas,Gautam,Seung,Seung.Gautam308@testmail.com
309,Sautrik,Gbayere,Serhii,Serhii.Gbayere309@testmail.com
310,Saraavanabirasa,Ge,Sebastian,Sebastian.Ge310@testmail.com
311,Sara,Gelenbe,Sayedpouria,Sayedpouria.Gelenbe311@testmail.com
312,Sara,George,Savvas,Savvas.George312@testmail.com
313,Santiago,Georgiou,Sautrik,Sautrik.Georgiou313@testmail.com
314,Sanjana,Georgiou,Sasha,Sasha.Georgiou314@testmail.com
315,Sangeetha,Ghanem,Saraavanabirasa,Saraavanabirasa.Ghanem315@testmail.com
316,Samuel ,Giannelos,Sara,Sara.Giannelos316@testmail.com
317,Samuel ,Gilson,Sara,Sara.Gilson317@testmail.com
318,Samuel,Giray,Santiago,Santiago.Giray318@testmail.com
319,Samir,Gkelias,Sanjana,Sanjana.Gkelias319@testmail.com
320,Saivignesh,Goh,Sangeetha,Sangeetha.Goh320@testmail.com
321,Sahil,Gong,Samuel,Samuel.Gong321@testmail.com
322,Sagar,Gonzalez,Samuel,Samuel.Gonzalez322@testmail.com
323,Sachin,Goodfellow,Samuel,Samuel.Goodfellow323@testmail.com
324,Sabine,Gosling,Samir,Samir.Gosling324@testmail.com
325,Saam,Gourmet,Saivignesh,Saivignesh.Gourmet325@testmail.com
326,Saad ,Goverdovsky,Sahil,Sahil.Goverdovsky326@testmail.com
327,Ryan ,Grady,Sagar,Sagar.Grady327@testmail.com
328,Ryan,Green,Sachin,Sachin.Green328@testmail.com
329,Ruotong,Grifo,Sabine,Sabine.Grifo329@testmail.com
330,Ruiyun,Grindle,Saam,Saam.Grindle330@testmail.com
331,Ruchir,Grossman,Saad,Saad.Grossman331@testmail.com
332,Roxana ,Grover,Ryan,Ryan.Grover332@testmail.com
333,Roshan ,Gruppi,Ryan,Ryan.Gruppi333@testmail.com
334,Rosemary,Gu,Ruotong,Ruotong.Gu334@testmail.com
335,Rong,Gu,Ruiyun,Ruiyun.Gu335@testmail.com
336,Rodrigo,Guan,Ruchir,Ruchir.Guan336@testmail.com
337,Roberto,Guang,Roxana,Roxana.Guang337@testmail.com
338,Robert ,Gulpinar,Roshan,Roshan.Gulpinar338@testmail.com
339,Robert,Guo,Rosemary,Rosemary.Guo339@testmail.com
340,Rilwan ,Guo,Rong,Rong.Guo340@testmail.com
341,Richard ,Guo,Rodrigo,Rodrigo.Guo341@testmail.com
342,Richard ,Gupta,Roberto,Roberto.Gupta342@testmail.com
343,Richard ,Guven,Robert,Robert.Guven343@testmail.com
344,Richard ,Habets,Robert,Robert.Habets344@testmail.com
345,Richard,Haci,Rilwan,Rilwan.Haci345@testmail.com
346,Richard,Hadj-Chaib,Richard,Richard.Hadj-Chaib346@testmail.com
347,Ricardo,Hadjicosti,Richard,Richard.Hadjicosti347@testmail.com
348,Ricardo,Hafezi,Richard,Richard.Hafezi348@testmail.com
349,Rene,Hagras,Richard,Richard.Hagras349@testmail.com
350,Renard ,Haighton,Richard,Richard.Haighton350@testmail.com
351,Rehma,Haliassos,Richard,Richard.Haliassos351@testmail.com
352,Rebecca,Halimi,Ricardo,Ricardo.Halimi352@testmail.com
353,Rebecca,Hall,Ricardo,Ricardo.Hall353@testmail.com
354,Raymond ,Hallett,Rene,Rene.Hallett354@testmail.com
355,Raweed ,Halliwell,Renard,Renard.Halliwell355@testmail.com
356,Ravindra,Hameed,Rehma,Rehma.Hameed356@testmail.com
357,Ravi ,Hamid,Rebecca,Rebecca.Hamid357@testmail.com
358,Rami,Hamid,Rebecca,Rebecca.Hamid358@testmail.com
359,Rajiv,Hao,Raymond,Raymond.Hao359@testmail.com
360,Rajan ,Hao,Raweed,Raweed.Hao360@testmail.com
361,Rajan,Harcombe,Ravindra,Ravindra.Harcombe361@testmail.com
362,Raghav,Haroush,Ravi,Ravi.Haroush362@testmail.com
363,Radu,Hart,Rami,Rami.Hart363@testmail.com
364,Quentin ,Hartley,Rajiv,Rajiv.Hartley364@testmail.com
365,Qiyang,Hartoutsios,Rajan,Rajan.Hartoutsios365@testmail.com
366,Qirui,Hassan,Rajan,Rajan.Hassan366@testmail.com
367,Qinxin,Hayat,Raghav,Raghav.Hayat367@testmail.com
368,Qingsong,Hazell,Radu,Radu.Hazell368@testmail.com
369,Qijun,He,Quentin,Quentin.He369@testmail.com
370,Qihao,He,Qiyang,Qiyang.He370@testmail.com
371,Qier,Heaven,Qirui,Qirui.Heaven371@testmail.com
372,Qianqian,Hellan,Qinxin,Qinxin.Hellan372@testmail.com
373,Qiang,Hemakom,Qingsong,Qingsong.Hemakom373@testmail.com
374,Qi,Herklotz Grave,Qijun,Qijun.Herklotz Grave374@testmail.com
375,Pu,Hernandez,Qihao,Qihao.Hernandez375@testmail.com
376,Pru,Hertzog,Qier,Qier.Hertzog376@testmail.com
377,Prima,Heywood,Qianqian,Qianqian.Heywood377@testmail.com
378,Predrag,Hijazi,Qiang,Qiang.Hijazi378@testmail.com
379,Praveen,Hilton,Qi,Qi.Hilton379@testmail.com
380,Pranav,Ho,Pu,Pu.Ho380@testmail.com
381,Pranav,Hobson,Pru,Pru.Hobson381@testmail.com
382,Prakhar,Hodkinson,Prima,Prima.Hodkinson382@testmail.com
383,Prahnav,Hogg,Predrag,Predrag.Hogg383@testmail.com
384,Pooja,Hogger,Praveen,Praveen.Hogger384@testmail.com
385,Pok ,Holliday,Pranav,Pranav.Holliday385@testmail.com
386,Piyush,Holm,Pranav,Pranav.Holm386@testmail.com
387,Piotr,Holmes,Prakhar,Prakhar.Holmes387@testmail.com
388,Pietro,Hong,Prahnav,Prahnav.Hong388@testmail.com
389,Pieter-Jan,Horvath,Pooja,Pooja.Horvath389@testmail.com
390,Piers,How,Pok,Pok.How390@testmail.com
391,Pierre ,Howard,Piyush,Piyush.Howard391@testmail.com
392,Pierre ,Hrisheekesh,Piotr,Piotr.Hrisheekesh392@testmail.com
393,Pierre,Hsu,Pietro,Pietro.Hsu393@testmail.com
394,Pier-Luigi,Hu,Pieter-Jan,Pieter-Jan.Hu394@testmail.com
395,Pierluigi,Hu,Piers,Piers.Hu395@testmail.com
396,Philippe,Hu,Pierre,Pierre.Hu396@testmail.com
397,Philip ,Hu,Pierre,Pierre.Hu397@testmail.com
398,Philip,Huang,Pierre,Pierre.Huang398@testmail.com
399,Petros-Alexandros,Huang,Pier-Luigi,Pier-Luigi.Huang399@testmail.com
400,Petros,Huang,Pierluigi,Pierluigi.Huang400@testmail.com
401,Peter ,Hucumenoglu,Philippe,Philippe.Hucumenoglu401@testmail.com
402,Peter ,Hussein,Philip,Philip.Hussein402@testmail.com
403,Peter,Huth,Philip,Philip.Huth403@testmail.com
404,Peter,Huyghues-Beaufond,Petros-Alexandros,Petros-Alexandros.Huyghues-Beaufond404@testmail.com
405,Peter,Ialongo,Petros,Petros.Ialongo405@testmail.com
406,Peter,Ibrahim,Peter,Peter.Ibrahim406@testmail.com
407,Periklis,Iluromi,Peter,Peter.Iluromi407@testmail.com
408,Peng,Imtiaz,Peter,Peter.Imtiaz408@testmail.com
409,Peng,Ionascu,Peter,Peter.Ionascu409@testmail.com
410,Peining,Iqbal,Peter,Peter.Iqbal410@testmail.com
411,Peilong,Iranmanesh,Peter,Peter.Iranmanesh411@testmail.com
412,Pei,Ismail,Periklis,Periklis.Ismail412@testmail.com
413,Pedro,Istepanian,Peng,Peng.Istepanian413@testmail.com
414,Pawit,Iswanto,Peng,Peng.Iswanto414@testmail.com
415,Pavol,Ivanov,Peining,Peining.Ivanov415@testmail.com
416,Paulo ,Iyer,Peilong,Peilong.Iyer416@testmail.com
417,Paul ,Iyer,Pei,Pei.Iyer417@testmail.com
418,Paul,Jaimoukha,Pedro,Pedro.Jaimoukha418@testmail.com
419,Paul,Jain,Pawit,Pawit.Jain419@testmail.com
420,Paul,Jajoo,Pavol,Pavol.Jajoo420@testmail.com
421,Patryk ,Janjic,Paulo,Paulo.Janjic421@testmail.com
422,Patrick ,Jarrett,Paul,Paul.Jarrett422@testmail.com
423,Patrick,Javed,Paul,Paul.Javed423@testmail.com
424,Patrick,Javed,Paul,Paul.Javed424@testmail.com
425,Patrick,Jensen,Paul,Paul.Jensen425@testmail.com
426,Patrick,Ji,Patryk,Patryk.Ji426@testmail.com
427,Patricio,Ji,Patrick,Patrick.Ji427@testmail.com
428,Pasha,Jiang,Patrick,Patrick.Jiang428@testmail.com
429,Pascal,Jiang,Patrick,Patrick.Jiang429@testmail.com
430,Paolo,Jiang,Patrick,Patrick.Jiang430@testmail.com
431,Pantelakis,Jin,Patrick,Patrick.Jin431@testmail.com
432,Panayiotis,Jordahn,Patricio,Patricio.Jordahn432@testmail.com
433,Panagiotis,Joudeh,Pasha,Pasha.Joudeh433@testmail.com
434,Panagiotis,Judge,Pascal,Pascal.Judge434@testmail.com
435,Panagiotis,K,Paolo,Paolo.K435@testmail.com
436,Pallavi,Kadioglu,Pantelis,Pantelis.Kadioglu436@testmail.com
437,Pakorn,Kajouk,Panayiotis,Panayiotis.Kajouk437@testmail.com
438,Pablo,Kalai,Panagiotis,Panagiotis.Kalai438@testmail.com
439,P. ,Kalamaras,Panagiotis,Panagiotis.Kalamaras439@testmail.com
440,Owen,Kalofonou,Panagiotis,Panagiotis.Kalofonou440@testmail.com
441,Osanne ,Kamel,Pallavi,Pallavi.Kamel441@testmail.com
442,Osama,Kanagasabapathy,Pakorn,Pakorn.Kanagasabapathy442@testmail.com
443,Orion ,Kang,Pablo,Pablo.Kang443@testmail.com
444,OnyemaSunday,Kang,Owen,Owen.Kang444@testmail.com
445,Onur,Kang,Osanne,Osanne.Kang445@testmail.com
446,Omotade,Kapllani,Osama,Osama.Kapllani446@testmail.com
447,Omer ,Karafokas,Orion,Orion.Karafokas447@testmail.com
448,Omar ,Karandejs,Onyema,Onyema.Karandejs448@testmail.com
449,Omar ,Karapanagos,Onur,Onur.Karapanagos449@testmail.com
450,Oluwatomisin,Karet,Omotade,Omotade.Karet450@testmail.com
451,Oluwafemi ,Karimi,Omer,Omer.Karimi451@testmail.com
452,OlumideJohnson,Karmani,Omar,Omar.Karmani452@testmail.com
453,Oloruntobi,Karolcik,Omar,Omar.Karolcik453@testmail.com
454,Oloruntoba,Kasture,Oluwatomisin,Oluwatomisin.Kasture454@testmail.com
455,Oliver,Katsidiaris,Oluwafemi,Oluwafemi.Katsidiaris455@testmail.com
456,Oliver,Kay,Olumide,Olumide.Kay456@testmail.com
457,Oleksiy,Kaya,Oloruntobi,Oloruntobi.Kaya457@testmail.com
458,Oladipupo,Kearney,Oloruntoba,Oloruntoba.Kearney458@testmail.com
459,Oghenevorhe ,Kern,Oliver,Oliver.Kern459@testmail.com
460,Octavian ,Kerrigan,Oliver,Oliver.Kerrigan460@testmail.com
461,Obehi,Khairuzzaman,Oleksiy,Oleksiy.Khairuzzaman461@testmail.com
462,Nur,Khan,Oladipupo,Oladipupo.Khan462@testmail.com
463,Nunzio,Khan,Oghenevorhe,Oghenevorhe.Khan463@testmail.com
464,Nouman,Khan,Octavian,Octavian.Khan464@testmail.com
465,Norbert,Khatri,Obehi,Obehi.Khatri465@testmail.com
466,Nir,Khoury,Nur,Nur.Khoury466@testmail.com
467,Nikolay,Kim,Nunzio,Nunzio.Kim467@testmail.com
468,Nikolaos,Kim,Nouman,Nouman.Kim468@testmail.com
469,Nikolaos,Kim,Norbert,Norbert.Kim469@testmail.com
470,Nikola,Kim,Nir,Nir.Kim470@testmail.com
471,Nikita,Kisiel,Nikolay,Nikolay.Kisiel471@testmail.com
472,Nicolas,Kisiel,Nikolaos,Nikolaos.Kisiel472@testmail.com
473,Nicolas,Kkelis,Nikolaos,Nikolaos.Kkelis473@testmail.com
474,Nicola,Kocherlakota,Nikola,Nikola.Kocherlakota474@testmail.com
475,Niclas,Koernel,Nikita,Nikita.Koernel475@testmail.com
476,Nicholas ,Koh,Nicolas,Nicolas.Koh476@testmail.com
477,Nicholas,Kolbeinsson,Nicolas,Nicolas.Kolbeinsson477@testmail.com
478,Nicholas,Konstantelos,Nicola,Nicola.Konstantelos478@testmail.com
479,Nicholaos,Konstantinidis,Niclas,Niclas.Konstantinidis479@testmail.com
480,Niccolo',Kopuz,Nicholas,Nicholas.Kopuz480@testmail.com
481,Niall,Korkontzelos,Nicholas,Nicholas.Korkontzelos481@testmail.com
482,Nathaniel,Kosyvas,Nicholas,Nicholas.Kosyvas482@testmail.com
483,Nathaniel,Kotzagiannidis,Nicholaos,Nicholaos.Kotzagiannidis483@testmail.com
484,Nathan,Koumpas,Niccolo',Niccolo'.Koumpas484@testmail.com
485,Nathan,Kousios,Niall,Niall.Kousios485@testmail.com
486,Nathalie,Koutsos,Nathaniel,Nathaniel.Koutsos486@testmail.com
487,Nathalie,Krpo,Nathaniel,Nathaniel.Krpo487@testmail.com
488,Nalan,Kubal,Nathan,Nathan.Kubal488@testmail.com
489,Naga ,Kueh,Nathan,Nathan.Kueh489@testmail.com
490,Nadia ,Kuenzel,Nathalie,Nathalie.Kuenzel490@testmail.com
491,Nadesh,Kugathasan,Nathalie,Nathalie.Kugathasan491@testmail.com
492,Mykolas,Kulendran,Nalan,Nalan.Kulendran492@testmail.com
493,Mwanakombo ,Kumar,Nadia,Nadia.Kumar493@testmail.com
494,Muhammad ,Kutukcu,Nadesh,Nadesh.Kutukcu494@testmail.com
495,Muhammad ,Kwan,Mykolas,Mykolas.Kwan495@testmail.com
496,Muhammad ,Kwan,Mwanakombo,Mwanakombo.Kwan496@testmail.com
497,Muhammad ,Kwan,Muhammad-Afiq,Muhammad-Afiq.Kwan497@testmail.com
498,MudharOthman ,Kwok,Muhammad,Muhammad.Kwok498@testmail.com
499,Mudasar,Laguarta Soler,Muhammad,Muhammad.Laguarta Soler499@testmail.com
500,Mubarak ,Laksana,Muhammad,Muhammad.Laksana500@testmail.com
501,Moustafa,Lakshmanan,Mudhar,Mudhar.Lakshmanan501@testmail.com
502,Mostafa,Lamanna,Mubarak,Mubarak.Lamanna502@testmail.com
503,Mosabber ,Lan,Moustafa,Moustafa.Lan503@testmail.com
504,Morteza,Larsson,Mostafa,Mostafa.Larsson504@testmail.com
505,Molly,Laudani,Mosabber,Mosabber.Laudani505@testmail.com
506,Mohyeldin ,Lauteslager,Morteza,Morteza.Lauteslager506@testmail.com
507,Mohika,Lavalle,Molly,Molly.Lavalle507@testmail.com
508,Mohammadreza,Lawson,Mohyeldin,Mohyeldin.Lawson508@testmail.com
509,Mohammad ,Lawson,Mohika,Mohika.Lawson509@testmail.com
510,Mohammad,Lawton,Mohammadreza,Mohammadreza.Lawton510@testmail.com
511,Mohamed-Elfatih,Lazarou,Mohammad,Mohammad.Lazarou511@testmail.com
512,Mohamed ,Le,Mohammad,Mohammad.Le512@testmail.com
513,Mohamed ,Le,Mohamed-Elfatih,Mohamed-Elfatih.Le513@testmail.com
514,Mohamed,Lee,Mohamed,Mohamed.Lee514@testmail.com
515,Mohamed,Lee,Mohamed,Mohamed.Lee515@testmail.com
516,Mohamad ,Lee,Mohamed,Mohamed.Lee516@testmail.com
517,Moh.Kamalul,Lee,Mohamed,Mohamed.Lee517@testmail.com
518,Moez,Lee,Mohamad,Mohamad.Lee518@testmail.com
519,Mirko,Lee,Moh.,Moh..Lee519@testmail.com
520,Mireya,Lee,Moez,Moez.Lee520@testmail.com
521,Minyan,Leelasena,Miwon,Miwon.Leelasena521@testmail.com
522,Min-Tzu,Leene,Mirko,Mirko.Leene522@testmail.com
523,Mingyang,Lending,Mireya,Mireya.Lending523@testmail.com
524,Mingwei,Lent,Minyan,Minyan.Lent524@testmail.com
525,Minghe,Leong,Min-Tzu,Min-Tzu.Leong525@testmail.com
526,Mingbo,Leow,Mingyang,Mingyang.Leow526@testmail.com
527,Ming ,Lestang,Mingwei,Mingwei.Lestang527@testmail.com
528,Minchul,Letchumanan,Minghe,Minghe.Letchumanan528@testmail.com
529,Min ,Leung,Mingbo,Mingbo.Leung529@testmail.com
530,Min,Leung,Ming,Ming.Leung530@testmail.com
531,Min,Leung,Minchul,Minchul.Leung531@testmail.com
532,Milica,Leung,Min,Min.Leung532@testmail.com
533,Mikkel,Levine,Min,Min.Levine533@testmail.com
534,Mikheil,Li,Min,Min.Li534@testmail.com
535,Mikhail,Li,Milica,Milica.Li535@testmail.com
536,Mike ,Li,Mikkel,Mikkel.Li536@testmail.com
537,Mihnea,Li,Mikheil,Mikheil.Li537@testmail.com
538,Mihajlo,Li,Mikhail,Mikhail.Li538@testmail.com
539,Michalis,Li,Mike,Mike.Li539@testmail.com
540,Michal ,Li,Mike,Mike.Li540@testmail.com
541,Michal,Li,Mihnea,Mihnea.Li541@testmail.com
542,Michail,Li,Mihajlo,Mihajlo.Li542@testmail.com
543,Michail,Li,Michalis,Michalis.Li543@testmail.com
544,Michail,Li,Michal,Michal.Li544@testmail.com
545,Michael ,Li,Michal,Michal.Li545@testmail.com
546,Michael ,Li,Michail,Michail.Li546@testmail.com
547,Michael,Li,Michail,Michail.Li547@testmail.com
548,Michael,Li,Michail,Michail.Li548@testmail.com
549,Michael,Li,Michael,Michael.Li549@testmail.com
550,Miao,Li,Michael,Michael.Li550@testmail.com
551,Mi ,Li,Michael,Michael.Li551@testmail.com
552,Mert,Lian,Michael,Michael.Lian552@testmail.com
553,Mengyang,Liang,Michael,Michael.Liang553@testmail.com
554,Mengran,Liao,Miao,Miao.Liao554@testmail.com
555,Meng ,Liaskas,Mert,Mert.Liaskas555@testmail.com
556,Melvic,Liboureau,Mengyang,Mengyang.Liboureau556@testmail.com
557,Melpomeni,Liew,Mengran,Mengran.Liew557@testmail.com
558,Meiqi,Lightburn,Meng,Meng.Lightburn558@testmail.com
559,May,Lim,Melvic,Melvic.Lim559@testmail.com
560,Maxime,Lim,Melpomeni,Melpomeni.Lim560@testmail.com
561,Max ,Lim,Meiqi,Meiqi.Lim561@testmail.com
562,Max,Lim,May,May.Lim562@testmail.com
563,Maurice,Lim,Maxime,Maxime.Lim563@testmail.com
564,Mattin,Lin,Max,Max.Lin564@testmail.com
565,MatthewGeoffrey ,Lin,Max,Max.Lin565@testmail.com
566,Matthew,Ling,Max,Max.Ling566@testmail.com
567,Matthew,Liu,Maurice,Maurice.Liu567@testmail.com
568,Matteo,Liu,Mattin,Mattin.Liu568@testmail.com
569,Mats,Liu,Matthew,Matthew.Liu569@testmail.com
570,Mathieu,Liu,Matthew,Matthew.Liu570@testmail.com
571,Mathias ,Liu,Matteo,Matteo.Liu571@testmail.com
572,Massimiliano,Liu,Mats,Mats.Liu572@testmail.com
573,Martina,Liu,Mathieu,Mathieu.Liu573@testmail.com
574,Martin ,Liu,Mathias,Mathias.Liu574@testmail.com
575,Martin ,Liu,Mat,Mat.Liu575@testmail.com
576,Martin,Liu,Martina,Martina.Liu576@testmail.com
577,Martin,Liu,Martin,Martin.Liu577@testmail.com
578,Martin,Liu,Martin,Martin.Liu578@testmail.com
579,Martin,Liu,Martin,Martin.Liu579@testmail.com
580,Marlon ,Liu,Martin,Martin.Liu580@testmail.com
581,Marko,Liu,Martin,Martin.Liu581@testmail.com
582,Mark ,Liu,Martin,Martin.Liu582@testmail.com
583,Mark,Liu,Martin,Martin.Liu583@testmail.com
584,Mark,Liu,Marlon,Marlon.Liu584@testmail.com
585,Marian,Liu,Marko,Marko.Liu585@testmail.com
586,Mariam,Liu,Mark,Mark.Liu586@testmail.com
587,Maria ,Lo,Mark,Mark.Lo587@testmail.com
588,Maria,Longa,Mark,Mark.Longa588@testmail.com
589,Maria,Looney,Marian,Marian.Looney589@testmail.com
590,Marek ,Loose,Mariam,Mariam.Loose590@testmail.com
591,Marek,Lopez Rodriguez,Maria,Maria.Lopez Rodriguez591@testmail.com
592,Marcus,Lou,Maria,Maria.Lou592@testmail.com
593,Marco,Low,Maria,Maria.Low593@testmail.com
594,Marcelino,Low,Marek,Marek.Low594@testmail.com
595,Manolis,Lu,Marek,Marek.Lu595@testmail.com
596,Mang,Lu,Marcus,Marcus.Lu596@testmail.com
597,Malhar,Lu,Marco,Marco.Lu597@testmail.com
598,Majd ,Lu,Marcelino,Marcelino.Lu598@testmail.com
599,Maja,Lu,Manolis,Manolis.Lu599@testmail.com
600,Mahsa,Luan,Mang,Mang.Luan600@testmail.com
601,Magson,Lucyszyn,Malhar,Malhar.Lucyszyn601@testmail.com
602,Madeleine ,Luisi,Majd,Majd.Luisi602@testmail.com
603,Luxin,Lungu,Maja,Maja.Lungu603@testmail.com
604,Luke ,Lunia,Mahsa,Mahsa.Lunia604@testmail.com
605,Luke ,Luo,Magson,Magson.Luo605@testmail.com
606,Luke ,Luo,Madeleine,Madeleine.Luo606@testmail.com
607,Luke ,Lyu,Madasar,Madasar.Lyu607@testmail.com
608,Luke,Lyu,Luxin,Luxin.Lyu608@testmail.com
609,Lukas,Ma,Luke,Luke.Ma609@testmail.com
610,Luka,Ma,Luke,Luke.Ma610@testmail.com
611,Lu,Ma,Luke,Luke.Ma611@testmail.com
612,Louis ,Ma,Luke,Luke.Ma612@testmail.com
613,Lorinc,Ma,Luke,Luke.Ma613@testmail.com
614,Lorenzo,Ma,Lukas,Lukas.Ma614@testmail.com
615,Lorenzo,Ma,Luka,Luka.Ma615@testmail.com
616,Longtao,Ma,Lu,Lu.Ma616@testmail.com
617,Lok ,Mabin,Louis,Louis.Mabin617@testmail.com
618,Loizos,MacBeth,Lorinc,Lorinc.MacBeth618@testmail.com
619,Lloyd,Macca,Lorenzo,Lorenzo.Macca619@testmail.com
620,Lizhang,Machen,Lorenzo,Lorenzo.Machen620@testmail.com
621,Liyangyi,Maggioni,Longtao,Longtao.Maggioni621@testmail.com
622,Lisha,Mainiero,Lok,Lok.Mainiero622@testmail.com
623,Lisbet,Majumdar,Loizos,Loizos.Majumdar623@testmail.com
624,Lirui,Makabu,Lloyd,Lloyd.Makabu624@testmail.com
625,Lingxin,Malhotra,Lizhang,Lizhang.Malhotra625@testmail.com
626,Lingxiao,Malhotra,Liyangyi,Liyangyi.Malhotra626@testmail.com
627,Ling ,Malik,Lisha,Lisha.Malik627@testmail.com
628,Ling,Mandic,Lisbet,Lisbet.Mandic628@testmail.com
629,Lina,Maniam,Lirui,Lirui.Maniam629@testmail.com
630,LieuweBerend,Manikas,Lingxin,Lingxin.Manikas630@testmail.com
631,Lida,Manocha,Lingxiao,Lingxiao.Manocha631@testmail.com
632,Leonardo ,Mao,Ling,Ling.Mao632@testmail.com
633,Leo ,Marone,Ling,Ling.Marone633@testmail.com
634,Lei,Martinez Sanz,Lina,Lina.Martinez Sanz634@testmail.com
635,Laura,Marwah,Lieuwe,Lieuwe.Marwah635@testmail.com
636,Laszlo,Masagos,Lida,Lida.Masagos636@testmail.com
637,Lanruo,Maslik,Leonardo,Leonardo.Maslik637@testmail.com
638,Lan,Masselos,Leo,Leo.Masselos638@testmail.com
639,Lan,Massen,Lei,Lei.Massen639@testmail.com
640,Lan,Mathews,Laura,Laura.Mathews640@testmail.com
641,Lamber,Mathivanan,Laszlo,Laszlo.Mathivanan641@testmail.com
642,Kush,Mayoh,Lanruo,Lanruo.Mayoh642@testmail.com
643,Kunliang,Mazurkiewicz,Lan,Lan.Mazurkiewicz643@testmail.com
644,Kuan-Wen,Mazza,Lan,Lan.Mazza644@testmail.com
645,Krystallo,McCann,Lan,Lan.McCann645@testmail.com
646,Krstina,McClean,Lamber,Lamber.McClean646@testmail.com
647,Kristian,McComish,Kush,Kush.McComish647@testmail.com
648,Kristel,McGaw,Kunliang,Kunliang.McGaw648@testmail.com
649,Kraig,McGough,Kuan-Wen,Kuan-Wen.McGough649@testmail.com
650,Kostas ,McQuaid,Krystallo,Krystallo.McQuaid650@testmail.com
651,Kostas,McVeigh,Krstina,Krstina.McVeigh651@testmail.com
652,Koral ,Mégret,Kristian,Kristian.Mégret652@testmail.com
653,Konstantinos,Mehammer,Kristel,Kristel.Mehammer653@testmail.com
654,Konstantinos,Mehmood,Kraig,Kraig.Mehmood654@testmail.com
655,Kin ,Mehta,Kostas,Kostas.Mehta655@testmail.com
656,Kieran ,Mendonça,Koral,Koral.Mendonça656@testmail.com
657,Kian ,Merlin,Konstantinos,Konstantinos.Merlin657@testmail.com
658,Khalil,Midgen,Konstantinos,Konstantinos.Midgen658@testmail.com
659,KhalidBaig,Miller,Kin,Kin.Miller659@testmail.com
660,Kezhen,Milne,Kieran,Kieran.Milne660@testmail.com
661,Keyan ,Milojevic,Kian,Kian.Milojevic661@testmail.com
662,Kexin,Minero-Munzo,Khalil,Khalil.Minero-Munzo662@testmail.com
663,Ken,Mir-Tahmasebi,Khalid,Khalid.Mir-Tahmasebi663@testmail.com
664,Keidi,Mirza,Kezhen,Kezhen.Mirza664@testmail.com
665,Kavin,Miscourides,Keyan,Keyan.Miscourides665@testmail.com
666,Kateryna,Mitcheson,Kexin,Kexin.Mitcheson666@testmail.com
667,Katarina,Mohamad,Ken,Ken.Mohamad667@testmail.com
668,Karoly ,Mohammadi,Keidi,Keidi.Mohammadi668@testmail.com
669,Karmanya ,Mohammadu,Kavin,Kavin.Mohammadu669@testmail.com
670,Kantapat,Mohan,Kateryna,Kateryna.Mohan670@testmail.com
671,Kamna,Mohnblatt,Katarina,Katarina.Mohnblatt671@testmail.com
672,Kaichun,Moniri,Karoly,Karoly.Moniri672@testmail.com
673,Kai ,Montana,Karmanya,Karmanya.Montana673@testmail.com
674,Kabir,Montgomerie-Corcoran,Kantapat,Kantapat.Montgomerie-Corcoran674@testmail.com
675,Kaan,Moore,Kamna,Kamna.Moore675@testmail.com
676,Jurgen,Moore,Kaichun,Kaichun.Moore676@testmail.com
677,Junyi,Moreira,Kai,Kai.Moreira677@testmail.com
678,Junlin,Moreira-Da-Silva,Kabir,Kabir.Moreira-Da-Silva678@testmail.com
679,Junjie,Moreno,Kaan,Kaan.Moreno679@testmail.com
680,Junjie,Morris,Jurgen,Jurgen.Morris680@testmail.com
681,Junghoon,Mortensen,Junyi,Junyi.Mortensen681@testmail.com
682,Jun ,Morton,Junlin,Junlin.Morton682@testmail.com
683,Jun ,Moses,Junjie,Junjie.Moses683@testmail.com
684,Jun ,Motha,Junjie,Junjie.Motha684@testmail.com
685,Jun,Moysis,Junghoon,Junghoon.Moysis685@testmail.com
686,Julie,Muggleton,Jun Xuen,Jun Xuen.Muggleton686@testmail.com
687,Julian ,Muhammad,Jun,Jun.Muhammad687@testmail.com
688,Julia,Murray-Bruce,Jun,Jun.Murray-Bruce688@testmail.com
689,Jue,Mylvaganam,Jun,Jun.Mylvaganam689@testmail.com
690,Juan,Myo,Julie,Julie.Myo690@testmail.com
691,Juan,Mysior,Julian,Julian.Mysior691@testmail.com
692,Ju ,Nakamura,Julia,Julia.Nakamura692@testmail.com
693,Joshua ,Nanayakkara,Jue,Jue.Nanayakkara693@testmail.com
694,Joshua,Nanchian,Juan,Juan.Nanchian694@testmail.com
695,Joshua,Narayan,Ju,Ju.Narayan695@testmail.com
696,Joshua,Nassibi,Joshua,Joshua.Nassibi696@testmail.com
697,Jorn ,Naylor,Joshua,Joshua.Naylor697@testmail.com
698,Jorge,Nazemi,Joshua,Joshua.Nazemi698@testmail.com
699,Jonathon,Nduka,Josh,Josh.Nduka699@testmail.com
700,Jonathan ,Ng,Jorn,Jorn.Ng700@testmail.com
701,Jonathan ,Ng,Jorge,Jorge.Ng701@testmail.com
702,Jonathan,Ng,Jonathon,Jonathon.Ng702@testmail.com
703,Jonathan,Ngau,Jonathan,Jonathan.Ngau703@testmail.com
704,Jonathan,Ngemera,Jonathan,Jonathan.Ngemera704@testmail.com
705,Jonathan,Ni,Jonathan,Jonathan.Ni705@testmail.com
706,John ,Nicholas,Jonathan,Jonathan.Nicholas706@testmail.com
707,John,Nicolae,Jonathan,Jonathan.Nicolae707@testmail.com
708,John,Nicolaou,Jonathan,Jonathan.Nicolaou708@testmail.com
709,John,Nikolov,John,John.Nikolov709@testmail.com
710,John,Niu,John,John.Niu710@testmail.com
711,Johan,Nor Azlan,John,John.Nor Azlan711@testmail.com
712,Joan ,Nugent,John,John.Nugent712@testmail.com
713,Joan,Nur,John,John.Nur713@testmail.com
714,Jiyu,Nussipzhan,Johan,Johan.Nussipzhan714@testmail.com
715,Jinwen,Obisesan,Joan,Joan.Obisesan715@testmail.com
716,Jingzhi,Oderinwale,Joan,Joan.Oderinwale716@testmail.com
717,Jingyu,Oganesyan,Joan,Joan.Oganesyan717@testmail.com
718,Jingyi,Ogden,Jiyu,Jiyu.Ogden718@testmail.com
719,Jingye,Olexa,Jinwen,Jinwen.Olexa719@testmail.com
720,Jingjing,Omeru,Jingzhi,Jingzhi.Omeru720@testmail.com
721,Jin ,Ong,Jingyu,Jingyu.Ong721@testmail.com
722,Jin ,Ong,Jingyi,Jingyi.Ong722@testmail.com
723,Jin,Ongvises,Jingye,Jingye.Ongvises723@testmail.com
724,Jie,Oo,Jingjing,Jingjing.Oo724@testmail.com
725,Jie,Ooi,Jin,Jin.Ooi725@testmail.com
726,Jie,Opatovsky,Jin,Jin.Opatovsky726@testmail.com
727,Jiaxi,Ortega,Jin,Jin.Ortega727@testmail.com
728,Jiarui,Osime,Jie,Jie.Osime728@testmail.com
729,"Jianwen, ",Otter,Jie,Jie.Otter729@testmail.com
730,Jiangxiao,Oulis Rousis,Jie,Jie.Oulis Rousis730@testmail.com
731,Jiangheng,Owusu,Jiaxi,Jiaxi.Owusu731@testmail.com
732,Jiang,Padley,Jiarui,Jiarui.Padley732@testmail.com
733,Jian ,Padoan,Jianwen,Jianwen.Padoan733@testmail.com
734,Jiakan,Pal,Jiangxiao,Jiangxiao.Pal734@testmail.com
735,Jia ,Palantza,Jiangheng,Jiangheng.Palantza735@testmail.com
736,Jia ,Pan,Jiang,Jiang.Pan736@testmail.com
737,Jia ,Pandian,Jian,Jian.Pandian737@testmail.com
738,Jia ,Panetta,Jiakan,Jiakan.Panetta738@testmail.com
739,Jia ,Panteli,Jia Ming,Jia Ming.Panteli739@testmail.com
740,Jesus ,Pantic,Jia,Jia.Pantic740@testmail.com
741,Jerome,Papachristoforou,Jia,Jia.Papachristoforou741@testmail.com
742,Jeremy ,Papadaskalopoulos,Jia,Jia.Papadaskalopoulos742@testmail.com
743,Jeremy,Papadopoulos,Jia,Jia.Papadopoulos743@testmail.com
744,Jeremy,Papavassiliou,Jesus,Jesus.Papavassiliou744@testmail.com
745,Jeremy,Papayiannis,Jerome,Jerome.Papayiannis745@testmail.com
746,Jelena,Parathyras,Jeremy,Jeremy.Parathyras746@testmail.com
747,Jee ,Park,Jeremy,Jeremy.Park747@testmail.com
748,Jean-Luc,Park,Jeremy,Jeremy.Park748@testmail.com
749,Jean-Hugues,Parpas,Jeremy,Jeremy.Parpas749@testmail.com
750,Javier ,Pashazade,Jelena,Jelena.Pashazade750@testmail.com
751,Javier,Pasquini,Jee,Jee.Pasquini751@testmail.com
752,Jaturon,Pasztor,Jean-Luc,Jean-Luc.Pasztor752@testmail.com
753,Jatinder,Patel,Jean-Hugues,Jean-Hugues.Patel753@testmail.com
754,Jason,Patel,Jay,Jay.Patel754@testmail.com
755,James ,Patel,Javier,Javier.Patel755@testmail.com
756,James ,Patwari,Javier,Javier.Patwari756@testmail.com
757,James ,Paulraj,Jaturon,Jaturon.Paulraj757@testmail.com
758,James,Pavloski,Jason,Jason.Pavloski758@testmail.com
759,James,Payapulli,James,James.Payapulli759@testmail.com
760,James,Pearson,James,James.Pearson760@testmail.com
761,Jakub,Pellegrino,James,James.Pellegrino761@testmail.com
762,Jake,Peng,James,James.Peng762@testmail.com
763,Jagannaath ,Peng,James,James.Peng763@testmail.com
764,Jae ,Peppas,James,James.Peppas764@testmail.com
765,Jacques ,Perez,James,James.Perez765@testmail.com
766,Jacopo,Perretta,Jakub,Jakub.Perretta766@testmail.com
767,Jacopo,Peso Parada,Jake,Jake.Peso Parada767@testmail.com
768,Jacobus,Petruzzi,Jae,Jae.Petruzzi768@testmail.com
769,Jacob,Pettipher,Jacques,Jacques.Pettipher769@testmail.com
770,Jack ,Philip,Jacopo,Jacopo.Philip770@testmail.com
771,J. ,Picciau,Jacopo,Jacopo.Picciau771@testmail.com
772,Izzat ,Pietzuch,Jacobus,Jacobus.Pietzuch772@testmail.com
773,Izabela,Pike,Jacob,Jacob.Pike773@testmail.com
774,Ivan,Piñero,Jack,Jack.Piñero774@testmail.com
775,Ivan,Piovano,Izzat,Izzat.Piovano775@testmail.com
776,Iulian ,Pipelzadeh,Izabela,Izabela.Pipelzadeh776@testmail.com
777,Ismaeel ,Pitt,Ivan,Ivan.Pitt777@testmail.com
778,Isaias,Pochanov,Ivan,Ivan.Pochanov778@testmail.com
779,Ioannis,Pogan,Iulian,Iulian.Pogan779@testmail.com
780,Inmaculada ,Pollock,Ismaeel,Ismaeel.Pollock780@testmail.com
781,Inigo,Polychronis,Isaias,Isaias.Polychronis781@testmail.com
782,Ingrid,Pomienski,Ioannis,Ioannis.Pomienski782@testmail.com
783,Imad ,Poon,Inigo,Inigo.Poon783@testmail.com
784,Ilias,Postantzis,Ingrid,Ingrid.Postantzis784@testmail.com
785,Ilaria,Poynton,Immaculada,Immaculada.Poynton785@testmail.com
786,Igor,Prabhu,Imad,Imad.Prabhu786@testmail.com
787,Ian ,Pramono,Ilias,Ilias.Pramono787@testmail.com
788,Ian,Premanode,Ilaria,Ilaria.Premanode788@testmail.com
789,Ian,Price,Igor,Igor.Price789@testmail.com
790,Ian,Proctor,Ian,Ian.Proctor790@testmail.com
791,Hussnain,Pryce,Ian,Ian.Pryce791@testmail.com
792,Hussein,Pucci,Ian,Ian.Pucci792@testmail.com
793,Husni,Pujol-Roig,Ian,Ian.Pujol-Roig793@testmail.com
794,Huibo,Pulmann,Hussnain,Hussnain.Pulmann794@testmail.com
795,Huaqi,Punter,Hussein,Hussein.Punter795@testmail.com
796,Huafeng,Qi,Husni,Husni.Qi796@testmail.com
797,Hsiang-Hsiang,Qian,Huibo,Huibo.Qian797@testmail.com
798,Hossein,Qian,Huaqi,Huaqi.Qian798@testmail.com
799,Hongyu,Qin,Huafeng,Huafeng.Qin799@testmail.com
800,Hong ,Qiu,Hsiang-Hsiang,Hsiang-Hsiang.Qiu800@testmail.com
801,Ho ,Qiu,Hossein,Hossein.Qiu801@testmail.com
802,Himadri ,Quah,Hongyu,Hongyu.Quah802@testmail.com
803,Hermann ,Quinlan,Hong,Hong.Quinlan803@testmail.com
804,Herbert,Qureshi,Ho,Ho.Qureshi804@testmail.com
805,Heran,Qureshi,Himadri,Himadri.Qureshi805@testmail.com
806,Henry,Radia,Hilda,Hilda.Radia806@testmail.com
807,Henrik,Radu,Hermann,Hermann.Radu807@testmail.com
808,Hengyan,Rajagopal,Herbert,Herbert.Rajagopal808@testmail.com
809,Hemang,Ramanathan,Heran,Heran.Ramanathan809@testmail.com
810,Helen,Rame,Henry,Henry.Rame810@testmail.com
811,He,Ramkissoon,Henrik,Henrik.Ramkissoon811@testmail.com
812,Hassan,Rapeaux,Hengyan,Hengyan.Rapeaux812@testmail.com
813,Harshil,Rarris,Hemang,Hemang.Rarris813@testmail.com
814,Haoyu,Raulf-Pick,Helen,Helen.Raulf-Pick814@testmail.com
815,Haosheng,Ravinthiran,He,He.Ravinthiran815@testmail.com
816,Hao-Chun,Rawlinson,Hassan,Hassan.Rawlinson816@testmail.com
817,Hao,Ray,Harshil,Harshil.Ray817@testmail.com
818,Hao,Razali,Haoyu,Haoyu.Razali818@testmail.com
819,Hanyuan,Reich,Haosheng,Haosheng.Reich819@testmail.com
820,Hanyi,Ren,Hao-Chun,Hao-Chun.Ren820@testmail.com
821,Hang,Reta,Hao,Hao.Reta821@testmail.com
822,Hanan ,Reynolds,Hao,Hao.Reynolds822@testmail.com
823,Hamzah ,Richardson,Hanyuan,Hanyuan.Richardson823@testmail.com
824,Hamza ,Rigby,Hanyi,Hanyi.Rigby824@testmail.com
825,Hamish,Riordan,Hang,Hang.Riordan825@testmail.com
826,Hamdi,Rishi,Hanan,Hanan.Rishi826@testmail.com
827,Hailing,Rizakis,Hamzah,Hamzah.Rizakis827@testmail.com
828,Hadi,Rizk,Hamza,Hamza.Rizk828@testmail.com
829,Haaris ,Rizopoulos,Hamish,Hamish.Rizopoulos829@testmail.com
830,Guy ,Robertson,Hamdi,Hamdi.Robertson830@testmail.com
831,Guo ,Robledo Vega,Hailing,Hailing.Robledo Vega831@testmail.com
832,Gulden,Rodriguez,Hadi,Hadi.Rodriguez832@testmail.com
833,Guillermo,Rodriguez-Villegas,Haaris,Haaris.Rodriguez-Villegas833@testmail.com
834,Guillermo,Roe,Guy,Guy.Roe834@testmail.com
835,Guillaume ,Rohbeck,Guo,Guo.Rohbeck835@testmail.com
836,Guillaume,Roongjirarat,Gulden,Gulden.Roongjirarat836@testmail.com
837,Guerino,Root,Guillermo,Guillermo.Root837@testmail.com
838,Guanhua,Roska,Guillaume,Guillaume.Roska838@testmail.com
839,Guangyu,Rossi,Guillaume,Guillaume.Rossi839@testmail.com
840,Guangwei,Rossuck,Guerino,Guerino.Rossuck840@testmail.com
841,Guang,Rostam,Guanhua,Guanhua.Rostam841@testmail.com
842,Gregory,Rosu,Guangyu,Guangyu.Rosu842@testmail.com
843,Goran,Rouhana,Guangwei,Guangwei.Rouhana843@testmail.com
844,GiuseppeGiovanni,Rovick Arrojo,Guang,Guang.Rovick Arrojo844@testmail.com
845,Giuseppe,Rubio,Gregory,Gregory.Rubio845@testmail.com
846,Giovanni,Russo,Goran,Goran.Russo846@testmail.com
847,Giorgia,Rusu,Giuseppe,Giuseppe.Rusu847@testmail.com
848,Giordano,Sabjanyi,Giuseppe,Giuseppe.Sabjanyi848@testmail.com
849,Gian ,Sadeghi Namaghi,Giovanni,Giovanni.Sadeghi Namaghi849@testmail.com
850,Gergely,Sahin,Giorgia,Giorgia.Sahin850@testmail.com
851,Geraint,Sahote,Giordano,Giordano.Sahote851@testmail.com
852,Georgios,Sakhuja,Gian,Gian.Sakhuja852@testmail.com
853,Georgios,Salman,Gergely,Gergely.Salman853@testmail.com
854,Georgios,Salman,Geraint,Geraint.Salman854@testmail.com
855,Georgios,Salmon,Georgios,Georgios.Salmon855@testmail.com
856,Georgios,Salter,Georgios,Georgios.Salter856@testmail.com
857,George ,Samaha,Georgios,Georgios.Samaha857@testmail.com
858,George ,Sandeford,Georgios,Georgios.Sandeford858@testmail.com
859,George ,Sang,Georgios,Georgios.Sang859@testmail.com
860,George,Sanmiguel Gimeno,George,George.Sanmiguel Gimeno860@testmail.com
861,George,Sano,George,George.Sano861@testmail.com
862,George,Sanpaveeravong,George,George.Sanpaveeravong862@testmail.com
863,Gema,Santagata,George,George.Santagata863@testmail.com
864,Ge,Santorinaios,George,George.Santorinaios864@testmail.com
865,Gavin,Santospirito,George,George.Santospirito865@testmail.com
866,Gabriel,Saraswat,Gema,Gema.Saraswat866@testmail.com
867,Fung ,Sareen,Ge,Ge.Sareen867@testmail.com
868,Fu ,Sarfraz,Gavin,Gavin.Sarfraz868@testmail.com
869,Fu ,Savelev,Gabriel,Gabriel.Savelev869@testmail.com
870,Frederic,Scarciotti,Fung,Fung.Scarciotti870@testmail.com
871,Frank,Scheffler,Fu,Fu.Scheffler871@testmail.com
872,Francisco,Schires,Frederic,Frederic.Schires872@testmail.com
873,Francine ,Scutigliani,Frederic,Frederic.Scutigliani873@testmail.com
874,Francesca ,Seah,Frank,Frank.Seah874@testmail.com
875,Francesca,Seckler,Francisco,Francisco.Seckler875@testmail.com
876,Florin ,Sehgal,Francine,Francine.Sehgal876@testmail.com
877,Filippo,Senet-Larson,Francesca,Francesca.Senet-Larson877@testmail.com
878,Fengchu,Serrano-Bermejo,Francesca,Francesca.Serrano-Bermejo878@testmail.com
879,Felix,Servoz,Florin,Florin.Servoz879@testmail.com
880,Felix,Sethia,Filippo,Filippo.Sethia880@testmail.com
881,Fei,Shafiei,Fengchu,Fengchu.Shafiei881@testmail.com
882,Federico,Shah,Felix,Felix.Shah882@testmail.com
883,Faye,Shan,Felix,Felix.Shan883@testmail.com
884,Fawwaz ,Shao,Felicia,Felicia.Shao884@testmail.com
885,Fanny,Shao,Fei,Fei.Shao885@testmail.com
886,Ezer,Sharma,Federico,Federico.Sharma886@testmail.com
887,Evangelos,Sharma,Faye,Faye.Sharma887@testmail.com
888,Eusebius ,Sharma,Fawwaz,Fawwaz.Sharma888@testmail.com
889,Eugenie ,Shchekaturov,Fanny,Fanny.Shchekaturov889@testmail.com
890,Esther,She,Ezer,Ezer.She890@testmail.com
891,Erwei,Sheah,Evangelos,Evangelos.Sheah891@testmail.com
892,Erol,Sheldrake,Eusebius,Eusebius.Sheldrake892@testmail.com
893,Ermis,Sheridan,Eugenie,Eugenie.Sheridan893@testmail.com
894,Erk ,Shi,Esther,Esther.Shi894@testmail.com
895,Erika,Shi,Erwei,Erwei.Shi895@testmail.com
896,EricNicolas,Shiah,Erol,Erol.Shiah896@testmail.com
897,Eric ,Shiqerukaj,Ermis,Ermis.Shiqerukaj897@testmail.com
898,Eric ,Shougee,Erk,Erk.Shougee898@testmail.com
899,Eren,Siaber,Erika,Erika.Siaber899@testmail.com
900,Enzo,Siddique,Eric,Eric.Siddique900@testmail.com
901,Enrico,Siddiqui,Eric,Eric.Siddiqui901@testmail.com
902,Emin ,Silvestri,Eric,Eric.Silvestri902@testmail.com
903,Emanuele,Simpson,Eren,Eren.Simpson903@testmail.com
904,Emanuel,Sin,Enzo,Enzo.Sin904@testmail.com
905,Emad,Singh,Enrico,Enrico.Singh905@testmail.com
906,Elliott,Situ,Emin,Emin.Situ906@testmail.com
907,Elliot,Slattery,Emanuele,Emanuele.Slattery907@testmail.com
908,Elliana,Smith,Emanuel,Emanuel.Smith908@testmail.com
909,Eliot,Sohbati,Emad,Emad.Sohbati909@testmail.com
910,Elif,Sola Sanz,Elliott,Elliott.Sola Sanz910@testmail.com
911,Elif,Solidakis,Elliot,Elliot.Solidakis911@testmail.com
912,Ekaterina,Solomou,Elliana,Elliana.Solomou912@testmail.com
913,Eirill,Somuyiwa,Eliot,Eliot.Somuyiwa913@testmail.com
914,Efstathios,Song,Elif,Elif.Song914@testmail.com
915,Edward ,Soo,Elif,Elif.Soo915@testmail.com
916,Edward ,Sow,Ekaterina,Ekaterina.Sow916@testmail.com
917,Dylan,Spreng,Eirill,Eirill.Spreng917@testmail.com
918,Douglas,Sreekumar,Efstathios,Efstathios.Sreekumar918@testmail.com
919,Dorian,Sridhar,Edward,Edward.Sridhar919@testmail.com
920,Dora ,Srifuengfung,Edward,Edward.Srifuengfung920@testmail.com
921,Dongxuan,Stanton,Dylan,Dylan.Stanton921@testmail.com
922,Domenico,Stathaki,Douglas,Douglas.Stathaki922@testmail.com
923,Diyar,Steele,Dorian,Dorian.Steele923@testmail.com
924,Dixi,Stemmer,Dora,Dora.Stemmer924@testmail.com
925,Divyansh,Stewart,Dongxuan,Dongxuan.Stewart925@testmail.com
926,Dirk ,Stockley,Domenico,Domenico.Stockley926@testmail.com
927,Diptargha,Stores,Diyar,Diyar.Stores927@testmail.com
928,Dimitrios,Stott,Dixi Liu,Dixi Liu.Stott928@testmail.com
929,Dimitrios,Stott,Divyansh,Divyansh.Stott929@testmail.com
930,Dimitrios,Strbac,Dirk,Dirk.Strbac930@testmail.com
931,Dimitra,Streli,Diptargha,Diptargha.Streli931@testmail.com
932,Diederik ,Stylianou,Dimitrios,Dimitrios.Stylianou932@testmail.com
933,Dhruv,Su,Dimitrios,Dimitrios.Su933@testmail.com
934,Dhruv,Sumaria,Dimitrios,Dimitrios.Sumaria934@testmail.com
935,Dharshana,Sun,Dimitra,Dimitra.Sun935@testmail.com
936,Devin ,Sun,Diederik,Diederik.Sun936@testmail.com
937,DerenYusuf,Sun,Dhruv,Dhruv.Sun937@testmail.com
938,Derek ,Sun,Dhruv,Dhruv.Sun938@testmail.com
939,Derek,Sun,Dharshana,Dharshana.Sun939@testmail.com
940,Deloris,Sun,Devin,Devin.Sun940@testmail.com
941,Deland,Sun,Deren,Deren.Sun941@testmail.com
942,Dean ,Sun,Derek,Derek.Sun942@testmail.com
943,Dawei,Sun,Deloris,Deloris.Sun943@testmail.com
944,Davinia ,Sundar,Deland,Deland.Sundar944@testmail.com
945,DavideGiacomo,Sundarasaradula,Dean,Dean.Sundarasaradula945@testmail.com
946,David ,Sung,Dawei,Dawei.Sung946@testmail.com
947,David ,Sutherland,Davinia,Davinia.Sutherland947@testmail.com
948,David ,Swirski,Davide,Davide.Swirski948@testmail.com
949,David ,Sydoruk,David,David.Sydoruk949@testmail.com
950,David ,Syms,David,David.Syms950@testmail.com
951,David ,Szabo,David,David.Szabo951@testmail.com
952,David,Szypicyn,David,David.Szypicyn952@testmail.com
953,David,Talebi,David,David.Talebi953@testmail.com
954,David,Tan,David,David.Tan954@testmail.com
955,David,Tan,David,David.Tan955@testmail.com
956,David,Tang,David,David.Tang956@testmail.com
957,David,Tang,David,David.Tang957@testmail.com
958,Darryl,Tangpoonsinthana,David,David.Tangpoonsinthana958@testmail.com
959,Danilo,Tarakanov,David,David.Tarakanov959@testmail.com
960,Daniil,Tarasevicius,David,David.Tarasevicius960@testmail.com
961,Daniel ,Tarasova,Darryl,Darryl.Tarasova961@testmail.com
962,Daniel ,Targett,Danilo,Danilo.Targett962@testmail.com
963,Daniel ,Tavakkoli,Daniil,Daniil.Tavakkoli963@testmail.com
964,Daniel ,Tay,Daniel,Daniel.Tay964@testmail.com
965,Daniel ,Te,Daniel,Daniel.Te965@testmail.com
966,Damian,Teng,Daniel,Daniel.Teng966@testmail.com
967,Daiwen,Thanthawaritthisai,Daniel,Daniel.Thanthawaritthisai967@testmail.com
968,Dain ,Thifeault,Daniel,Daniel.Thifeault968@testmail.com
969,Daaniyaal,Thomas,Damian,Damian.Thomas969@testmail.com
970,D. ,Tillmar,Daiwen,Daiwen.Tillmar970@testmail.com
971,Cunzhuo,Tindemans,Dain,Dain.Tindemans971@testmail.com
972,Constantinos,Ting,Daaniyaal,Daaniyaal.Ting972@testmail.com
973,Constantinos,Ting,Cunzhuo,Cunzhuo.Ting973@testmail.com
974,Constantinos,Tirupati,Costas,Costas.Tirupati974@testmail.com
975,Conghui,Toh,Constantinos,Constantinos.Toh975@testmail.com
976,Cong,Torbey,Constantinos,Constantinos.Torbey976@testmail.com
977,Cong,Torres Uribe Echeb,Constantinos,Constantinos.Torres Uribe Echeb977@testmail.com
978,Colin,Torres Uribeechebarria,Conghui,Conghui.Torres Uribeechebarria978@testmail.com
979,Clive,Toumazou,Cong,Cong.Toumazou979@testmail.com
980,Clément ,Tran,Cong,Cong.Tran980@testmail.com
981,Claudia,Troiani,Colin,Colin.Troiani981@testmail.com
982,Claudia,Trovato,Clive,Clive.Trovato982@testmail.com
983,Ciaran,Tsiotsios,Clément,Clément.Tsiotsios983@testmail.com
984,Cian ,Tu,Claudia,Claudia.Tu984@testmail.com
985,Chunlin,Tuckey,Claudia,Claudia.Tuckey985@testmail.com
986,Chung-Yu,Tung,Ciaran,Ciaran.Tung986@testmail.com
987,Chung ,Tuor,Cian,Cian.Tuor987@testmail.com
988,Christos-Savvas,Tychogiorgos,Chunlin,Chunlin.Tychogiorgos988@testmail.com
989,Christos,Uchitel,Chung-Yu,Chung-Yu.Uchitel989@testmail.com
990,Christos,Uchyigit,Chung,Chung.Uchyigit990@testmail.com
991,Christopher ,Ulli,Christos,Christos.Ulli991@testmail.com
992,Christopher,Valletti,Christos,Christos.Valletti992@testmail.com
993,Christopher,Varasteh,Christos,Christos.Varasteh993@testmail.com
994,Christopher,Vasilakos Konstantinidis,Christopher,Christopher.Vasilakos Konstantinidis994@testmail.com
995,Christoforos,Vasileiadis,Christopher,Christopher.Vasileiadis995@testmail.com
996,Christoforos,Vasu,Christopher,Christopher.Vasu996@testmail.com
997,Christodoulos,Vavouras,Christopher,Christopher.Vavouras997@testmail.com
998,Christine,Veigang-Radulescu,Christoforos,Christoforos.Veigang-Radulescu998@testmail.com
999,Chris,Veluru,Christoforos,Christoforos.Veluru999@testmail.com
1000,Chris,Venieris,Christodoulos,Christodoulos.Venieris1000@testmail.com
1001,Chourmouzios,Venieris,Christine,Christine.Venieris1001@testmail.com
1002,Chinomnso ,Vera,Chris,Chris.Vera1002@testmail.com
1003,Chih-Han,Verma,Chris,Chris.Verma1003@testmail.com
1004,Chi ,Versini,Chinomnso,Chinomnso.Versini1004@testmail.com
1005,Chenxi,Vigliotti,Chih-Han,Chih-Han.Vigliotti1005@testmail.com
1006,Chenming,Vink,Chi,Chi.Vink1006@testmail.com
1007,Chengyuan,Vinter,Chenxi,Chenxi.Vinter1007@testmail.com
1008,Chenglei,Vlontzos,Chenming,Chenming.Vlontzos1008@testmail.com
1009,Chengdong,Voegtli,Chengyuan,Chengyuan.Voegtli1009@testmail.com
1010,Cheng,Voinas,Chenglei,Chenglei.Voinas1010@testmail.com
1011,Chen ,von Rosenberg,Chengdong,Chengdong.von Rosenberg1011@testmail.com
1012,Chen,Voronov,Cheng,Cheng.Voronov1012@testmail.com
1013,Charrise,Wafi,Chen,Chen.Wafi1013@testmail.com
1014,Charlotte,Wahren,Chen,Chen.Wahren1014@testmail.com
1015,Charley ,Walch,Charrise,Charrise.Walch1015@testmail.com
1016,Charles,Walker,Charlotte,Charlotte.Walker1016@testmail.com
1017,Charitos,Wallace,Charley,Charley.Wallace1017@testmail.com
1018,Chaoyi,Wan,Charles,Charles.Wan1018@testmail.com
1019,Chao,Wan,Charitos,Charitos.Wan1019@testmail.com
1020,Chao,Wang,Chaoyi,Chaoyi.Wang1020@testmail.com
1021,Chang ,Wang,Chao,Chao.Wang1021@testmail.com
1022,Chang,Wang,Chao,Chao.Wang1022@testmail.com
1023,Chak ,Wang,Chang,Chang.Wang1023@testmail.com
1024,Chak ,Wang,Chang,Chang.Wang1024@testmail.com
1025,Chak ,Wang,Chak,Chak.Wang1025@testmail.com
1026,Cao ,Wang,Chak,Chak.Wang1026@testmail.com
1027,Caner,Wang,Chak,Chak.Wang1027@testmail.com
1028,Calvin,Wang,Cao,Cao.Wang1028@testmail.com
1029,Caitriona,Wang,Caner,Caner.Wang1029@testmail.com
1030,Bowen,Wang,Calvin,Calvin.Wang1030@testmail.com
1031,Boli,Wang,Caitriona,Caitriona.Wang1031@testmail.com
1032,Blake ,Wang,Burth,Burth.Wang1032@testmail.com
1033,Bingjie,Wang,Bowen,Bowen.Wang1033@testmail.com
1034,Bilal,Wang,Boli,Boli.Wang1034@testmail.com
1035,Bikash ,Wang,Blake,Blake.Wang1035@testmail.com
1036,Bicheng,Wang,Bingjie,Bingjie.Wang1036@testmail.com
1037,Bhusana,Wang,Bilal,Bilal.Wang1037@testmail.com
1038,Bharat,Warner,Bikash,Bikash.Warner1038@testmail.com
1039,Bethany,Wei,Bicheng,Bicheng.Wei1039@testmail.com
1040,Benjamin ,Wei,Bhusana,Bhusana.Wei1040@testmail.com
1041,Benjamin ,Wei,Bharat,Bharat.Wei1041@testmail.com
1042,Benjamin,Wei,Bethany,Bethany.Wei1042@testmail.com
1043,Benjamin,Weill,Benjamin,Benjamin.Weill1043@testmail.com
1044,Benjamin,Wells,Benjamin,Benjamin.Wells1044@testmail.com
1045,Benedikt,Wen,Benjamin,Benjamin.Wen1045@testmail.com
1046,Benedict ,White,Benjamin,Benjamin.White1046@testmail.com
1047,Benedek,Wijeyasinghe,Benjamin,Benjamin.Wijeyasinghe1047@testmail.com
1048,Ben,Wiklicky,Benedikt,Benedikt.Wiklicky1048@testmail.com
1049,Belen,Williams,Benedict,Benedict.Williams1049@testmail.com
1050,Belen,Williams,Benedek,Benedek.Williams1050@testmail.com
1051,Baron ,Williams,Ben,Ben.Williams1051@testmail.com
1052,Barnabas,Williamson,Belen,Belen.Williamson1052@testmail.com
1053,Balarko,Wilson,Belen,Belen.Wilson1053@testmail.com
1054,Ayub,Wilson,Baron,Baron.Wilson1054@testmail.com
1055,Ayoub,Windo,Barnabas,Barnabas.Windo1055@testmail.com
1056,Ayodeji,Winson,Balarko,Balarko.Winson1056@testmail.com
1057,Aye ,Winstanley,Ayub,Ayub.Winstanley1057@testmail.com
1058,Ayah,Winterstein,Ayoub,Ayoub.Winterstein1058@testmail.com
1059,Aurelio,Withers,Ayodeji,Ayodeji.Withers1059@testmail.com
1060,Aufar ,Wojcicka-Grzesiak,Aye,Aye.Wojcicka-Grzesiak1060@testmail.com
1061,Attique,Wolf,Ayah,Ayah.Wolf1061@testmail.com
1062,Athanassios,Wolfe Hussein,Aurelio,Aurelio.Wolfe Hussein1062@testmail.com
1063,Athanasios-Xenofon,Woloszyn,Aufar,Aufar.Woloszyn1063@testmail.com
1064,Athanasios,Won,Attique,Attique.Won1064@testmail.com
1065,Athanasios,Wong,Athanasios-Xenofon,Athanasios-Xenofon.Wong1065@testmail.com
1066,Athanasios,Wong,Athanasios,Athanasios.Wong1066@testmail.com
1067,Ashok,Wong,Athanasios,Athanasios.Wong1067@testmail.com
1068,Ashish,Wong Siwei,Ashok,Ashok.Wong Siwei1068@testmail.com
1069,Asad,Wong Toh Soon,Ashish,Ashish.Wong Toh Soon1069@testmail.com
1070,Aryan,Woods,Asad,Asad.Woods1070@testmail.com
1071,Arthur ,Woods,Aryan,Aryan.Woods1071@testmail.com
1072,Artem,Woolf,Arthur,Arthur.Woolf1072@testmail.com
1073,Arshan,Wright,Artem,Artem.Wright1073@testmail.com
1074,Arogyaswami,Wu,Arshan,Arshan.Wu1074@testmail.com
1075,Arisa,Wu,Arogyaswami,Arogyaswami.Wu1075@testmail.com
1076,Arghavan,Wu,Arisa,Arisa.Wu1076@testmail.com
1077,Areeb ,Wu,Arghavan,Arghavan.Wu1077@testmail.com
1078,Arda ,Wu,Areeb,Areeb.Wu1078@testmail.com
1079,Apit,Wu,Arda,Arda.Wu1079@testmail.com
1080,Antonio ,Wylie,Apit,Apit.Wylie1080@testmail.com
1081,Antonio,Xia,Antonio,Antonio.Xia1081@testmail.com
1082,Antonio,Xiang,Antonio,Antonio.Xiang1082@testmail.com
1083,Anthony ,Xiang,Antonio,Antonio.Xiang1083@testmail.com
1084,Ankur,Xiao,Ankur,Ankur.Xiao1084@testmail.com
1085,Anirudh,Xie,Anirudh,Anirudh.Xie1085@testmail.com
1086,Angelos,Xie,Angelos,Angelos.Xie1086@testmail.com
1087,Andrew ,Xiong,Andrew,Andrew.Xiong1087@testmail.com
1088,Andrew ,Xu,Andrew,Andrew.Xu1088@testmail.com
1089,Andrew ,Xu,Andrew,Andrew.Xu1089@testmail.com
1090,Andrew,Xue,Andrew,Andrew.Xue1090@testmail.com
1091,Andrew,Xue,Andrew,Andrew.Xue1091@testmail.com
1092,Andrew,Yak,Andrew,Andrew.Yak1092@testmail.com
1093,Andrew,Yan,Andrew,Andrew.Yan1093@testmail.com
1094,Andrew,Yan,Andrew,Andrew.Yan1094@testmail.com
1095,Andrei,Yan,Andrei,Andrei.Yan1095@testmail.com
1096,Andreas,Yang,Andreas,Andreas.Yang1096@testmail.com
1097,Andrea,Yang,Andrea,Andrea.Yang1097@testmail.com
1098,Andrea,Yang,Andrea,Andrea.Yang1098@testmail.com
1099,Andre ,Yang,Andre,Andre.Yang1099@testmail.com
1100,Anderle,Yang,Anastasios,Anastasios.Yang1100@testmail.com
1101,Anastasios,Yang,Anand,Anand.Yang1101@testmail.com
1102,Anand,Yang,Amrit,Amrit.Yang1102@testmail.com
1103,Amrit,Yang,Ammon,Ammon.Yang1103@testmail.com
1104,Ammon,Yang,Amir,Amir.Yang1104@testmail.com
1105,Amir,Yates,Amir,Amir.Yates1105@testmail.com
1106,Amir,Ye,Amine,Amine.Ye1106@testmail.com
1107,Amine,Ye,Alvaro,Alvaro.Ye1107@testmail.com
1108,Alvaro,Ye Xu,Allan,Allan.Ye Xu1108@testmail.com
1109,Allan,Yeatman,Alistair,Alistair.Yeatman1109@testmail.com
1110,Alistair,Yiallourides,Alina,Alina.Yiallourides1110@testmail.com
1111,Alina,Yin,Alia,Alia.Yin1111@testmail.com
1112,Alia,Yin,Alexandros,Alexandros.Yin1112@testmail.com
1113,Alexandros,Ying,Alexandre,Alexandre.Ying1113@testmail.com
1114,Alexandre ,Yong,Alexandre,Alexandre.Yong1114@testmail.com
1115,Alexandre,Yong,Alexandre,Alexandre.Yong1115@testmail.com
1116,Alexandre,Yu,Alexandre,Alexandre.Yu1116@testmail.com
1117,Alexandre,Yu,Alexandra,Alexandra.Yu1117@testmail.com
1118,Alexandra,Yuan,Alexandra,Alexandra.Yuan1118@testmail.com
1119,Alexandra,Yuan,Alexander,Alexander.Yuan1119@testmail.com
1120,Alexander ,Yuan,Alexander,Alexander.Yuan1120@testmail.com
1121,Alexander ,Yue,Alexander,Alexander.Yue1121@testmail.com
1122,Alexander ,Yusuf,Alexander,Alexander.Yusuf1122@testmail.com
1123,Alexander,Zafeiriou,Alexander,Alexander.Zafeiriou1123@testmail.com
1124,Alexander,Zambelli,Alexander,Alexander.Zambelli1124@testmail.com
1125,Alexander,Zatland,Alexander,Alexander.Zatland1125@testmail.com
1126,Alexander,Zawawi Mohd Zawawi,Alexander,Alexander.Zawawi Mohd Zawawi1126@testmail.com
1127,Alexander,Zhang,Alexander,Alexander.Zhang1127@testmail.com
1128,Alexander,Zhang,Alex,Alex.Zhang1128@testmail.com
1129,Alexander,Zhang,Alessandro,Alessandro.Zhang1129@testmail.com
1130,Alex ,Zhang,Alessandro,Alessandro.Zhang1130@testmail.com
1131,Alessandro,Zhang,Alessandra,Alessandra.Zhang1131@testmail.com
1132,Alessandro,Zhang,Alejandro,Alejandro.Zhang1132@testmail.com
1133,Alessandra,Zhang,Alejandro,Alejandro.Zhang1133@testmail.com
1134,Alejandro,Zhang,Alberto,Alberto.Zhang1134@testmail.com
1135,Alejandro,Zhang,Albert,Albert.Zhang1135@testmail.com
1136,Alberto,Zhang,Alastair,Alastair.Zhang1136@testmail.com
1137,Albert,Zhang,Alasdair,Alasdair.Zhang1137@testmail.com
1138,Alastair,Zhang,Akshay,Akshay.Zhang1138@testmail.com
1139,Alasdair,Zhang,Akis,Akis.Zhang1139@testmail.com
1140,Akinyemi ,Zhang,Akinyemi,Akinyemi.Zhang1140@testmail.com
1141,Akinniyi ,Zhang,Akinniyi,Akinniyi.Zhang1141@testmail.com
1142,Akinbiyi,Zhang,Akinbiyi,Akinbiyi.Zhang1142@testmail.com
1143,Akash,Zhang,Akash,Akash.Zhang1143@testmail.com
1144,Akash,Zhao,Akash,Akash.Zhao1144@testmail.com
1145,Aidar,Zhao,Aidar,Aidar.Zhao1145@testmail.com
1146,Aidan,Zhao,Aidan,Aidan.Zhao1146@testmail.com
1147,Ahmet,Zhao,Ahmet,Ahmet.Zhao1147@testmail.com
1148,Ahmed ,Zhao,Ahmed,Ahmed.Zhao1148@testmail.com
1149,Ahmed,Zhao,Ahmed,Ahmed.Zhao1149@testmail.com
1150,Ahmad,Zhao,Ahmad,Ahmad.Zhao1150@testmail.com
1151,Agni,Zhao,Agni,Agni.Zhao1151@testmail.com
1152,Afroditi,Zhao,Afroditi,Afroditi.Zhao1152@testmail.com
1153,Afraz,Zhao,Afraz,Afraz.Zhao1153@testmail.com
1154,Afifah ,Zhao,Afifah,Afifah.Zhao1154@testmail.com
1155,Adrien,Zheng,Adrien,Adrien.Zheng1155@testmail.com
1156,Adrian,Zheng,Adrian,Adrian.Zheng1156@testmail.com
1157,Aditya,Zhi,Aditya,Aditya.Zhi1157@testmail.com
1158,Aditya,Zhong,Aditya,Aditya.Zhong1158@testmail.com
1159,Adilzhan,Zhong,Adilzhan,Adilzhan.Zhong1159@testmail.com
1160,Adile,Zhou,Adile,Adile.Zhou1160@testmail.com
1161,Adi,Zhou,Adi,Adi.Zhou1161@testmail.com
1162,Adem ,Zhou,Adem,Adem.Zhou1162@testmail.com
1163,Adamos ,Zhou,Adamos,Adamos.Zhou1163@testmail.com
1164,Adam ,Zhou,Adam,Adam.Zhou1164@testmail.com
1165,Adam,Zhou,Adam,Adam.Zhou1165@testmail.com
1166,Adam,Zhou,Adam,Adam.Zhou1166@testmail.com
1167,Abhinaya,Zhou,Abhinaya,Abhinaya.Zhou1167@testmail.com
1168,Abhinav,Zhu,Abhinav Kumar,Abhinav Kumar.Zhu1168@testmail.com
1169,Abdurrahman ,Zhu,Abdurrahman,Abdurrahman.Zhu1169@testmail.com
1170,Abdullahi,Zhu,Abdullahi,Abdullahi.Zhu1170@testmail.com
1171,Aaron ,Zlatanov,Aaron,Aaron.Zlatanov1171@testmail.com
1172,Aaron ,Zolotas,Aaron,Aaron.Zolotas1172@testmail.com
1173,AamirHussain,Zou,Aamir,Aamir.Zou1173@testmail.com
1174,Aaditya,Zuo,Aaditya,Aaditya.Zuo1174@testmail.com
